Current Round,7,,,,,,,,,,,,,,,,,,,,,,,,,,,,,,,,,
Current Round Progress,Not Started,,,,,,,,,,,,,,,,,,,,,,,,,,,,,,,,,
,,,,,,,,,,,,,,,,,,,,,,,,,,,,,,,,,,
Day,,,3,3,,3,3,,3,3,,3,3,,3,3,,3,3,,3,3,,,,,,,,,,,,
Round,,,1,1,,2,2,,3,3,,4,4,,5,5,,6,6,,7,7,,,,,,,,,,,,
Overall Round,,,1,1,,2,2,,3,3,,4,4,,5,5,,6,6,,7,7,,,,,,,,,,,,
Player ID,Player Name,Prior Day Points,Lobby,Placement,,Lobby,Placement,,Lobby,Placement,,Lobby,Placement,,Lobby,Placement,,Lobby,Placement,,Lobby,Placement,,Day 3 Points,Total Points,Top 4s + Firsts,Firsts,Seconds,Thirds,Fourths,Fifths,Sixths,Sevenths,Eighths
13,Quintanilha#eprod,67,2,2,,2,4,,3,1,,3,5,,4,3,,2,2,,1,,,37,104,6,1,2,1,1,1,0,0,0
29,Mecmeno#eprod,68,4,2,,4,2,,2,2,,2,6,,3,1,,1,5,,1,,,36,104,5,1,3,0,0,1,1,0,0
21,CTG robinsongz#eprod,63,3,3,,3,3,,2,1,,2,4,,2,5,,1,2,,1,,,36,99,6,1,1,2,1,1,0,0,0
2,TL VCLF#eprod,72,1,1,,1,5,,4,5,,4,4,,3,4,,1,1,,1,,,34,106,6,2,0,0,2,2,0,0,0
10,wasianiverson#eprod,70,2,1,,2,5,,4,2,,4,7,,2,2,,1,3,,1,,,34,104,5,1,2,1,0,1,0,1,0
22,Marcel P#eprod,62,3,1,,3,1,,1,3,,1,4,,1,4,,2,8,,1,,,33,95,7,2,0,1,2,0,0,0,1
30,bloom#eprod,60,4,4,,4,4,,2,5,,2,2,,2,3,,2,3,,1,,,33,93,5,0,1,2,2,1,0,0,0
3,BrosephTFT#eprod,66,1,5,,1,2,,3,7,,3,1,,1,2,,2,5,,1,,,32,98,4,1,2,0,0,2,0,1,0
17,Xbmots#eprod,69,3,8,,3,4,,1,4,,1,2,,4,1,,1,4,,cut,,,31,100,6,1,1,0,3,0,0,0,1
23,VIT MILK#eprod,64,3,4,,3,5,,3,4,,3,2,,1,7,,2,1,,cut,,,31,95,5,1,1,0,2,1,0,1,0
31,Cambulee#eprod,62,4,3,,4,1,,3,5,,3,3,,4,7,,2,4,,cut,,,31,93,5,1,0,2,1,1,0,1,0
12,STR Deleted#eprod,64,2,3,,2,7,,4,6,,4,2,,3,2,,2,6,,cut,,,28,92,3,0,2,1,0,0,2,1,0
14,ArtixRx#eprod,58,2,7,,2,1,,1,2,,1,8,,1,3,,1,6,,cut,,,27,85,4,1,1,1,0,0,1,1,1
9,casparwu#eprod,75,2,5,,2,2,,1,8,,1,5,,4,2,,1,7,,cut,,,25,100,2,0,2,0,0,2,0,1,1
32,Z10 bossoskills#eprod,65,4,8,,4,5,,4,3,,4,3,,3,3,,2,7,,cut,,,25,90,3,0,0,3,0,1,0,1,1
11,Darth Nub#eprod,63,2,6,,2,6,,1,6,,1,3,,1,1,,1,8,,cut,,,24,87,3,1,0,1,0,0,3,0,1
5,Aya#eprod,62,1,8,,1,8,,1,1,,1,1,,2,4,,cut,,,cut,,,23,85,5,2,0,0,1,0,0,0,2
7,J or C#eprod,58,1,3,,1,6,,4,7,,4,1,,4,5,,cut,,,cut,,,23,81,3,1,0,1,0,1,1,1,0
27,Taliyent#eprod,62,4,5,,4,7,,2,3,,2,3,,1,5,,cut,,,cut,,,22,84,2,0,0,2,0,2,0,1,0
25,TT arkjow#eprod,67,4,1,,4,6,,2,7,,2,5,,2,6,,cut,,,cut,,,20,87,2,1,0,0,0,1,2,1,0
18,Kurumx#eprod,66,3,6,,3,2,,4,4,,4,8,,3,5,,cut,,,cut,,,20,86,2,0,1,0,1,1,1,0,1
28,trevisan#eprod,62,4,7,,4,8,,2,8,,2,1,,2,1,,cut,,,cut,,,20,82,4,2,0,0,0,0,0,1,2
6,met zauh#eprod,60,1,2,,1,4,,1,5,,1,6,,3,8,,cut,,,cut,,,20,80,2,0,1,0,1,1,1,0,1
19,junglebook1#eprod,62,3,7,,3,7,,3,2,,3,6,,4,4,,cut,,,cut,,,19,81,2,0,1,0,1,0,1,2,0
24,dpei#eprod,63,3,5,,3,8,,4,1,,4,5,,4,8,,cut,,,cut,,,18,81,2,1,0,0,0,2,0,0,2
20,Hanneko#eprod,69,3,2,,3,6,,4,8,,4,6,,1,6,,cut,,,cut,,,17,86,1,0,1,0,0,0,3,0,1
4,STR Drae#eprod,63,1,7,,1,1,,3,6,,3,7,,2,7,,cut,,,cut,,,17,80,2,1,0,0,0,0,1,3,0
1,PockyGom#eprod,77,1,6,,1,3,,1,7,,1,7,,4,6,,cut,,,cut,,,16,93,1,0,0,1,0,0,2,2,0
16,BBL ChoiYena#eprod,62,2,8,,2,3,,3,3,,3,8,,3,7,,cut,,,cut,,,16,78,2,0,0,2,0,0,0,1,2
8,QualityTeammat#eprod,58,1,4,,1,7,,2,4,,2,8,,3,6,,cut,,,cut,,,16,74,2,0,0,0,2,0,1,1,1
26,grea#eprod,68,4,6,,4,3,,2,6,,2,7,,2,8,,cut,,,cut,,,15,83,1,0,0,1,0,0,2,1,1
15,Scoped#eprod,57,2,4,,2,8,,3,8,,3,4,,1,8,,cut,,,cut,,,13,70,2,0,0,0,2,0,0,0,3